"","name","price_add","rating_out_of_5"
"1","Apple Watch Series 7 (GPS + Cellular, 45mm) - Starlight Aluminium Case with Starlight Sport Band - Regular","₹ 53,900","4.6 out of 5 stars"
"2","Apple Watch Series 7 (GPS + Cellular, 41mm) - Silver Stainless Steel Case with Silver Milanese Loop","₹ 73,900","4.6 out of 5 stars"
"3","Apple Watch Series 7 (GPS + Cellular, 41mm) - Gold Stainless Steel Case with Gold Milanese Loop","₹ 73,900","4.6 out of 5 stars"
"4","Apple Watch Series 7 (GPS + Cellular, 41mm) - Blue Aluminium Case with Abyss Blue Sport Band - Regular","₹ 50,900","4.6 out of 5 stars"
"5","Apple Watch SE (GPS + Cellular, 40mm) - Space Grey Aluminium Case with Midnight Sport Band - Regular","₹ 33,900","4.7 out of 5 stars"
"6","Apple Watch Series 7 (GPS + Cellular, 41mm) - Green Aluminium Case with Clover Sport Band - Regular","₹ 50,900","4.6 out of 5 stars"
"7","Apple Watch Series 7 (GPS + Cellular, 45mm) - Blue Aluminium Case with Abyss Blue Sport Band - Regular","₹ 51,180","4.6 out of 5 stars"
"8","Apple Watch SE (GPS, 44mm) - Space Grey Aluminium Case with Midnight Sport Band - Regular","₹ 31,250","4.7 out of 5 stars"
"9","Apple Watch SE (GPS, 40mm) - Silver Aluminium Case with Abyss Blue Sport Band - Regular","₹ 29,900","4.7 out of 5 stars"
"10","Apple Watch Series 7 (GPS + Cellular, 45mm) - Green Aluminium Case with Clover Sport Band - Regular","₹ 53,900","4.6 out of 5 stars"
"11","Apple Watch SE (GPS + Cellular, 40mm) - Silver Aluminium Case with Abyss Blue/Moss Green Sport Loop","₹ 33,900","4.7 out of 5 stars"
"12","Apple Watch SE (GPS, 40mm) - Space Grey Aluminium Case with Midnight Sport Band - Regular","₹ 28,400","4.7 out of 5 stars"
"13","Apple Watch Series 7 (GPS, 45mm) - Blue Aluminium Case with Abyss Blue Sport Band - Regular","₹ 42,630","4.6 out of 5 stars"
"14","Apple Watch Series 7 (GPS, 45mm) - Midnight Aluminium Case with Midnight Sport Band - Regular","₹ 42,630","4.6 out of 5 stars"
"15","Apple Watch SE (GPS + Cellular, 44mm) - Space Grey Aluminium Case with Midnight Sport Band - Regular","₹ 36,900","4.3 out of 5 stars"
"16","New Apple Watch Series 6 (GPS + Cellular, 40mm) - Graphite Stainless Steel Case with Black Sport Band","₹ 69,900","4.7 out of 5 stars"
"17","Apple Watch SE (GPS, 44mm) - Silver Aluminium Case with Abyss Blue Sport Band - Regular","₹ 31,250","4.7 out of 5 stars"
"18","Apple Watch SE (GPS + Cellular, 44mm) - Silver Aluminium Case with Abyss Blue Sport Band - Regular","₹ 36,900","4.7 out of 5 stars"
"19","Apple Watch Series 7 (GPS, 45mm) - Starlight Aluminium Case with Starlight Sport Band - Regular","₹ 44,900","4.6 out of 5 stars"
"20","Apple Watch Series 7 (GPS + Cellular, 45mm) - (Product) RED Aluminium Case with (Product) RED Sport Band - Regular","₹ 53,900","4.6 out of 5 stars"
"21","Apple Watch SE (GPS, 44mm) - Gold Aluminium Case with Starlight Sport Band - Regular","₹ 32,900","4.7 out of 5 stars"
"22","Apple Watch Series 7 (GPS, 45mm) - (Product) RED Aluminium Case with (Product) RED Sport Band - Regular","₹ 44,900","4.6 out of 5 stars"
"23","Apple Watch Series 7 (GPS, 41mm) - Green Aluminium Case with Clover Sport Band - Regular","₹ 41,900","4.6 out of 5 stars"
"24","Apple Watch Series 7 (GPS, 41mm) - Blue Aluminium Case with Abyss Blue Sport Band - Regular","₹ 41,900","4.6 out of 5 stars"
